{
  "commodity": "sugar",
  "ticker": "SB=F",
  "horizon": 63,
  "features": [
    "brazil_temp_30d_avg",
    "price_vs_sma_200",
    "price_vs_sma_50",
    "bb_low",
    "pct_up_days_21d",
    "india_precip_7d_sum",
    "sma_21",
    "macd",
    "drawdown_regime",
    "season_sin",
    "drawdown",
    "mei",
    "brazil_temp_7d_avg",
    "return_10d",
    "sma_10",
    "volatility_21d",
    "sma_50",
    "price_lag_2",
    "price_lag_3",
    "usd_index",
    "sma_5",
    "rsi_14",
    "momentum_rank_252d",
    "cot_noncomm_short",
    "brazil_temp_anomaly",
    "price_vs_sma_10",
    "volatility_10d",
    "zscore_126d",
    "brazil_avg_temp",
    "return_1d",
    "trend_slope_21d",
    "return_21d"
  ],
  "n_features": 32,
  "purge_gap": 63,
  "strategy": {
    "confidence_threshold": 0.7,
    "stop_loss_pct": 0.1,
    "take_profit_multiplier": 1.0,
    "max_hold_days": 63,
    "allow_short": true
  },
  "regression": {
    "params": {
      "n_estimators": 375,
      "max_depth": 7,
      "learning_rate": 0.04564964024550497,
      "subsample": 0.7086417311844653,
      "colsample_bytree": 0.7636133072727893,
      "min_child_weight": 20,
      "gamma": 0.37490399401316904,
      "reg_alpha": 0.004776850902945257,
      "reg_lambda": 4.429220305294882e-07,
      "max_delta_step": 0.9114150719798247
    },
    "fold_spearman": [
      0.0,
      0.0,
      0.0,
      0.0,
      0.0
    ],
    "avg_spearman": 0.0,
    "fold_dir_acc_independent": [
      0.25,
      0.5,
      0.75,
      0.75,
      0.75
    ],
    "avg_dir_acc_independent": 0.6,
    "fold_dir_acc_overlapping": [
      0.3452,
      0.7183,
      0.5714,
      0.6627,
      0.5516
    ],
    "avg_dir_acc_overlapping": 0.56984,
    "fold_accuracies": [
      0.25,
      0.5,
      0.75,
      0.75,
      0.75
    ],
    "avg_accuracy": 0.6,
    "std_accuracy": 0.2,
    "fold_maes": [
      0.065267,
      0.08636,
      0.119292,
      0.095428,
      0.061468
    ],
    "fold_rmses": [
      0.079007,
      0.106503,
      0.13724,
      0.113578,
      0.074904
    ],
    "avg_mae": 0.08556300000000001,
    "avg_rmse": 0.1022464,
    "test_size": 252
  },
  "classification": {
    "params": {
      "n_estimators": 414,
      "max_depth": 2,
      "learning_rate": 0.009003858856777314,
      "subsample": 0.5045620066409382,
      "colsample_bytree": 0.8096463755860638,
      "min_child_weight": 24,
      "gamma": 3.7361322786715663,
      "reg_alpha": 1.1619135060984877e-05,
      "reg_lambda": 0.00710303787799819,
      "max_delta_step": 2.8994939088375857
    },
    "fold_acc_independent": [
      0.0,
      0.5,
      1.0,
      1.0,
      0.5
    ],
    "avg_acc_independent": 0.6,
    "fold_acc_overlapping": [
      0.5357,
      0.7183,
      0.7302,
      0.8294,
      0.5675
    ],
    "avg_acc_overlapping": 0.67622,
    "fold_accuracies": [
      0.0,
      0.5,
      1.0,
      1.0,
      0.5
    ],
    "avg_accuracy": 0.6,
    "std_accuracy": 0.37416573867739417
  },
  "holdout": {
    "size": 126,
    "reg_direction_accuracy": 1.0,
    "reg_spearman": 0.0,
    "reg_mae": 0.038137,
    "clf_accuracy": 0.5
  }
}