{
  "commodity": "sugar",
  "ticker": "SB=F",
  "horizon": 42,
  "features": [
    "brl_vs_sma50",
    "oni",
    "india_precip_30d_sum",
    "brl_return_21d",
    "price_lag_1",
    "season_sin",
    "trend_slope_63d",
    "bb_pct",
    "india_precip_7d_sum",
    "cot_noncomm_short_chg",
    "enso_state",
    "sma_50",
    "season_cos",
    "sma_5"
  ],
  "n_features": 14,
  "purge_gap": 42,
  "strategy": {
    "confidence_threshold": 0.7,
    "stop_loss_pct": 0.1,
    "take_profit_multiplier": 1.0,
    "max_hold_days": 63,
    "allow_short": true
  },
  "regression": {
    "params": {
      "n_estimators": 690,
      "max_depth": 2,
      "learning_rate": 0.010348542950532547,
      "subsample": 0.9466493601869366,
      "colsample_bytree": 0.3801790904473233,
      "min_child_weight": 8,
      "gamma": 0.8977351117742804,
      "reg_alpha": 0.00043045860966577716,
      "reg_lambda": 0.0009533048382905551,
      "max_delta_step": 3.415676163667211
    },
    "fold_spearman": [
      NaN,
      NaN,
      0.0,
      0.866,
      NaN
    ],
    "avg_spearman": NaN,
    "fold_dir_acc_independent": [
      0.3333,
      0.3333,
      0.0,
      0.3333,
      0.3333
    ],
    "avg_dir_acc_independent": 0.26664,
    "fold_accuracies": [
      0.3333,
      0.3333,
      0.0,
      0.3333,
      0.3333
    ],
    "avg_accuracy": 0.26664,
    "std_accuracy": 0.13331999999999997,
    "fold_maes": [
      0.138729,
      0.091259,
      0.09501,
      0.072961,
      0.04626
    ],
    "fold_rmses": [
      0.162693,
      0.112898,
      0.106551,
      0.082366,
      0.051866
    ],
    "avg_mae": 0.0888438,
    "avg_rmse": 0.1032748
  },
  "classification": {
    "params": {
      "n_estimators": 409,
      "max_depth": 3,
      "learning_rate": 0.006299905447408887,
      "subsample": 0.8339180765452285,
      "colsample_bytree": 0.84275560891182,
      "min_child_weight": 25,
      "gamma": 3.9869353258401046,
      "reg_alpha": 7.037397451873014e-05,
      "reg_lambda": 2.24849027717776e-08,
      "max_delta_step": 2.5525545006510613
    },
    "fold_acc_independent": [
      1.0,
      1.0,
      0.6667,
      1.0,
      1.0
    ],
    "avg_acc_independent": 0.9333400000000001,
    "fold_accuracies": [
      1.0,
      1.0,
      0.6667,
      1.0,
      1.0
    ],
    "avg_accuracy": 0.9333400000000001,
    "std_accuracy": 0.13332000000000002
  },
  "holdout": {
    "size": 126,
    "reg_direction_accuracy": 0.3333,
    "reg_spearman": NaN,
    "reg_mae": 0.04626,
    "clf_accuracy": 1.0
  }
}