{
  "commodity": "sugar",
  "ticker": "SB=F",
  "horizon": 63,
  "features": [
    "pct_up_days_21d",
    "pct_up_days_63d",
    "pct_up_days_126d",
    "trend_slope_21d",
    "trend_slope_63d",
    "trend_slope_126d",
    "sma_50_200_cross",
    "sma_50_200_gap",
    "momentum_rank_252d",
    "crude_oil",
    "india_precip_30d_sum",
    "mei_change_3m",
    "cot_comm_long",
    "cot_noncomm_short_chg",
    "season_sin_2",
    "season_cos",
    "brazil_harvest",
    "zscore_252d_change_21d",
    "volatility_10d"
  ],
  "n_features": 19,
  "purge_gap": 63,
  "strategy": {
    "confidence_threshold": 0.75,
    "stop_loss_pct": 0.1,
    "take_profit_multiplier": 1.0,
    "max_hold_days": 63,
    "allow_short": true
  },
  "regression": {
    "params": {
      "n_estimators": 536,
      "max_depth": 6,
      "learning_rate": 0.20456692757823522,
      "subsample": 0.5951188013523041,
      "colsample_bytree": 0.4056487615820837,
      "min_child_weight": 28,
      "gamma": 6.247687042768374,
      "reg_alpha": 2.2643087155786854,
      "reg_lambda": 83.14050903114403,
      "random_state": 42
    },
    "avg_accuracy": 0.9079365079365079,
    "std_accuracy": 0.08482786803738022,
    "fold_accuracies": [
      0.9206349206349206,
      0.9841269841269841,
      0.9682539682539683,
      0.9206349206349206,
      0.746031746031746
    ]
  },
  "classification": {
    "params": {
      "n_estimators": 536,
      "max_depth": 6,
      "learning_rate": 0.20456692757823522,
      "subsample": 0.5951188013523041,
      "colsample_bytree": 0.4056487615820837,
      "min_child_weight": 28,
      "gamma": 6.247687042768374,
      "reg_alpha": 2.2643087155786854,
      "reg_lambda": 83.14050903114403,
      "scale_pos_weight": 0.572535167629685,
      "random_state": 42
    },
    "avg_accuracy": 0.9079365079365079,
    "std_accuracy": 0.08482786803738022,
    "fold_accuracies": [
      0.9206349206349206,
      0.9841269841269841,
      0.9682539682539683,
      0.9206349206349206,
      0.746031746031746
    ]
  }
}