{
  "xgb": {
    "direction_acc": 0.5238095238095238,
    "rmse": 0.05557971559972982,
    "correlation": 0.1427000575220077
  },
  "arima": {
    "direction_acc": 0.48214285714285715,
    "rmse": 0.056503433523063244,
    "correlation": -0.03996052901812237
  },
  "ensemble": {
    "direction_acc": 0.5337301587301587,
    "rmse": 0.05586364442118758,
    "correlation": 0.11624511155635396
  }
}