{
  "feature_cols": [
    "usd_index",
    "crude_oil",
    "sugar",
    "sp500",
    "return_1d",
    "return_5d",
    "return_10d",
    "return_21d",
    "sma_5",
    "price_vs_sma_5",
    "sma_10",
    "price_vs_sma_10",
    "sma_21",
    "price_vs_sma_21",
    "sma_50",
    "price_vs_sma_50",
    "sma_200",
    "price_vs_sma_200",
    "volatility_10d",
    "volatility_21d",
    "volatility_63d",
    "rsi_14",
    "macd",
    "macd_signal",
    "macd_diff",
    "bb_high",
    "bb_low",
    "bb_pct",
    "price_lag_1",
    "price_lag_2",
    "price_lag_3",
    "price_lag_5",
    "price_lag_10",
    "day_of_week",
    "month",
    "cot_open_interest",
    "cot_noncomm_long",
    "cot_noncomm_short",
    "cot_comm_long",
    "cot_comm_short",
    "cot_oi_change",
    "cot_noncomm_long_chg",
    "cot_noncomm_short_chg",
    "cot_net_spec",
    "cot_net_comm",
    "cot_spec_ratio",
    "cot_comm_net_pct_oi",
    "brazil_avg_temp",
    "vietnam_avg_temp",
    "brazil_total_precip",
    "vietnam_total_precip",
    "brazil_temp_7d_avg",
    "vietnam_temp_7d_avg",
    "brazil_precip_7d_sum",
    "vietnam_precip_7d_sum",
    "brazil_temp_30d_avg",
    "vietnam_temp_30d_avg",
    "brazil_precip_30d_sum",
    "vietnam_precip_30d_sum",
    "brazil_temp_anomaly",
    "vietnam_temp_anomaly",
    "brazil_frost_risk",
    "brazil_drought_30d"
  ],
  "horizon": 5,
  "regression_metrics": {
    "avg_rmse": 0.05618213831720338,
    "avg_mae": 0.044861897431488454,
    "avg_direction_acc": 0.5238095238095237
  },
  "classification_accuracy": 0.5238095238095237,
  "top_features_regression": {
    "price_lag_2": 0.0451124832034111,
    "cot_comm_short": 0.04225137457251549,
    "cot_net_comm": 0.03339137136936188,
    "brazil_temp_30d_avg": 0.03111230954527855,
    "cot_comm_net_pct_oi": 0.030707450583577156,
    "price_lag_10": 0.03025602363049984,
    "cot_comm_long": 0.028928998857736588,
    "macd": 0.02841193787753582,
    "cot_oi_change": 0.026393325999379158,
    "macd_signal": 0.025837117806077003,
    "price_vs_sma_50": 0.025213371962308884,
    "bb_low": 0.023932581767439842,
    "cot_noncomm_long": 0.023777667433023453,
    "cot_noncomm_short": 0.023224592208862305,
    "brazil_precip_30d_sum": 0.022804642096161842
  },
  "top_features_classification": {
    "brazil_precip_7d_sum": 0.029033318161964417,
    "volatility_63d": 0.027512459084391594,
    "macd": 0.0254408847540617,
    "sma_50": 0.025197327136993408,
    "brazil_precip_30d_sum": 0.024520687758922577,
    "cot_comm_net_pct_oi": 0.024501103907823563,
    "sp500": 0.02276107855141163,
    "cot_comm_long": 0.022607924416661263,
    "vietnam_precip_7d_sum": 0.022200895473361015,
    "brazil_drought_30d": 0.022191325202584267,
    "rsi_14": 0.02209051325917244,
    "cot_noncomm_short": 0.02180466055870056,
    "price_vs_sma_200": 0.021706420928239822,
    "price_lag_1": 0.021235719323158264,
    "bb_low": 0.021023647859692574
  }
}