{
  "commodity": "coffee",
  "ticker": "KC=F",
  "horizon": 63,
  "features": [
    "sma_50_200_gap",
    "sma_50_200_cross",
    "buyer_momentum",
    "sbux_return_21d",
    "sbux_vs_sma50"
  ],
  "n_features": 5,
  "purge_gap": 63,
  "strategy": {
    "confidence_threshold": 0.75,
    "stop_loss_pct": 0.1,
    "take_profit_multiplier": 1.0,
    "max_hold_days": 63,
    "allow_short": true
  },
  "regression": {
    "params": {
      "n_estimators": 702,
      "max_depth": 7,
      "learning_rate": 0.1613021647073145,
      "subsample": 0.9139860495965257,
      "colsample_bytree": 0.45202324041235986,
      "min_child_weight": 4,
      "gamma": 0.6344241409251031,
      "reg_alpha": 0.0006450116203991933,
      "reg_lambda": 0.0003372615098736414,
      "max_delta_step": 2.093486697992321
    },
    "fold_spearman": [
      0.0,
      0.0,
      0.0,
      0.0,
      0.0
    ],
    "avg_spearman": 0.0,
    "fold_dir_acc_independent": [
      0.75,
      0.5,
      0.5,
      1.0,
      0.75
    ],
    "avg_dir_acc_independent": 0.7,
    "fold_dir_acc_overlapping": [
      0.7897,
      0.4484,
      0.6825,
      0.7817,
      0.4484
    ],
    "avg_dir_acc_overlapping": 0.6301399999999999,
    "fold_accuracies": [
      0.75,
      0.5,
      0.5,
      1.0,
      0.75
    ],
    "avg_accuracy": 0.7,
    "std_accuracy": 0.18708286933869706,
    "fold_maes": [
      0.139874,
      0.136746,
      0.137181,
      0.135289,
      0.187827
    ],
    "fold_rmses": [
      0.163845,
      0.184618,
      0.155425,
      0.165939,
      0.227346
    ],
    "avg_mae": 0.1473834,
    "avg_rmse": 0.1794346,
    "test_size": 252
  },
  "classification": {
    "params": {
      "n_estimators": 201,
      "max_depth": 10,
      "learning_rate": 0.10641265227993395,
      "subsample": 0.9772278398895733,
      "colsample_bytree": 0.41218238390007933,
      "min_child_weight": 2,
      "gamma": 8.997716657199504,
      "reg_alpha": 9.169748592816884e-07,
      "reg_lambda": 7.914486074671361e-08,
      "max_delta_step": 3.7725144331605867
    },
    "fold_acc_independent": [
      0.75,
      0.25,
      1.0,
      1.0,
      1.0
    ],
    "avg_acc_independent": 0.8,
    "fold_acc_overlapping": [
      0.8016,
      0.5516,
      0.6905,
      0.8889,
      0.6627
    ],
    "avg_acc_overlapping": 0.71906,
    "fold_accuracies": [
      0.75,
      0.25,
      1.0,
      1.0,
      1.0
    ],
    "avg_accuracy": 0.8,
    "std_accuracy": 0.291547594742265
  },
  "holdout": {
    "size": 126,
    "reg_direction_accuracy": 0.0,
    "reg_spearman": 0.0,
    "reg_mae": 0.272302,
    "clf_accuracy": 0.5
  }
}