{
  "commodity": "coffee",
  "ticker": "KC=F",
  "horizon": 63,
  "features": [
    "momentum_rank_252d",
    "cot_open_interest",
    "sma_50_200_gap",
    "macd",
    "coffee_demand_divergence",
    "sma_5",
    "return_21d",
    "price_lag_1",
    "volatility_21d",
    "zscore_252d_change_21d",
    "sbux",
    "price_vs_sma_10",
    "buyer_momentum",
    "macd_signal",
    "price_lag_5",
    "cot_oi_change",
    "brl_usd",
    "sbux_return_21d"
  ],
  "n_features": 18,
  "purge_gap": 63,
  "strategy": {
    "confidence_threshold": 0.75,
    "stop_loss_pct": 0.1,
    "take_profit_multiplier": 1.0,
    "max_hold_days": 63,
    "allow_short": true
  },
  "regression": {
    "params": {
      "n_estimators": 598,
      "max_depth": 5,
      "learning_rate": 0.029556628798732155,
      "subsample": 0.966143392272163,
      "colsample_bytree": 0.6205259280257767,
      "min_child_weight": 7,
      "gamma": 8.69331222466675,
      "reg_alpha": 5.3818032982043556e-08,
      "reg_lambda": 1.3039829329265948e-06,
      "max_delta_step": 0.2737285223610547
    },
    "fold_spearman": [
      0.0,
      0.0,
      0.0,
      0.0,
      0.0
    ],
    "avg_spearman": 0.0,
    "fold_dir_acc_independent": [
      0.25,
      0.5,
      0.5,
      1.0,
      0.5
    ],
    "avg_dir_acc_independent": 0.55,
    "fold_dir_acc_overlapping": [
      0.2698,
      0.4167,
      0.6706,
      0.7976,
      0.381
    ],
    "avg_dir_acc_overlapping": 0.50714,
    "fold_accuracies": [
      0.25,
      0.5,
      0.5,
      1.0,
      0.5
    ],
    "avg_accuracy": 0.55,
    "std_accuracy": 0.2449489742783178,
    "fold_maes": [
      0.145897,
      0.137712,
      0.138526,
      0.157089,
      0.181789
    ],
    "fold_rmses": [
      0.170903,
      0.186486,
      0.157779,
      0.188839,
      0.20953
    ],
    "avg_mae": 0.15220260000000002,
    "avg_rmse": 0.18270740000000002,
    "test_size": 252
  },
  "classification": {
    "params": {
      "n_estimators": 733,
      "max_depth": 7,
      "learning_rate": 0.03258731624525508,
      "subsample": 0.5858047896122504,
      "colsample_bytree": 0.5496265374708752,
      "min_child_weight": 2,
      "gamma": 8.436835583793624,
      "reg_alpha": 3.345531901023117e-07,
      "reg_lambda": 5.754072219895311e-05,
      "max_delta_step": 0.0033090715198786924
    },
    "fold_acc_independent": [
      0.75,
      0.5,
      0.5,
      1.0,
      0.5
    ],
    "avg_acc_independent": 0.65,
    "fold_acc_overlapping": [
      0.7302,
      0.4167,
      0.6706,
      0.7976,
      0.381
    ],
    "avg_acc_overlapping": 0.5992200000000001,
    "fold_accuracies": [
      0.75,
      0.5,
      0.5,
      1.0,
      0.5
    ],
    "avg_accuracy": 0.65,
    "std_accuracy": 0.2
  },
  "holdout": {
    "size": 126,
    "reg_direction_accuracy": 0.0,
    "reg_spearman": 0.0,
    "reg_mae": 0.248165,
    "clf_accuracy": 0.0
  }
}