{
  "commodity": "coffee",
  "ticker": "KC=F",
  "horizon": 63,
  "features": [
    "mei_change_3m",
    "season_sin",
    "brazil_precip_30d_sum",
    "sma_50_200_cross",
    "oni_change_3m",
    "vol_regime",
    "trend_slope_63d"
  ],
  "n_features": 7,
  "purge_gap": 63,
  "strategy": {
    "confidence_threshold": 0.75,
    "stop_loss_pct": 0.1,
    "take_profit_multiplier": 1.0,
    "max_hold_days": 63,
    "allow_short": true
  },
  "regression": {
    "params": {
      "n_estimators": 289,
      "max_depth": 4,
      "learning_rate": 0.08443826250874832,
      "subsample": 0.807408180612742,
      "colsample_bytree": 0.5607384510671939,
      "min_child_weight": 22,
      "gamma": 0.39462802549104725,
      "reg_alpha": 0.00024121698725853593,
      "reg_lambda": 6.498769353065805e-08,
      "max_delta_step": 1.4065326409395906
    },
    "fold_spearman": [
      NaN,
      0.0,
      0.0,
      NaN,
      -0.2582
    ],
    "avg_spearman": NaN,
    "fold_dir_acc_independent": [
      0.25,
      0.5,
      0.5,
      1.0,
      0.25
    ],
    "avg_dir_acc_independent": 0.5,
    "fold_accuracies": [
      0.25,
      0.5,
      0.5,
      1.0,
      0.25
    ],
    "avg_accuracy": 0.5,
    "std_accuracy": 0.27386127875258304,
    "fold_maes": [
      0.149746,
      0.135795,
      0.139381,
      0.154978,
      0.214138
    ],
    "fold_rmses": [
      0.17363,
      0.185284,
      0.158338,
      0.186854,
      0.237798
    ],
    "avg_mae": 0.1588076,
    "avg_rmse": 0.18838080000000001
  },
  "classification": {
    "params": {
      "n_estimators": 605,
      "max_depth": 3,
      "learning_rate": 0.018512044677981208,
      "subsample": 0.8568381193879462,
      "colsample_bytree": 0.9450599319687218,
      "min_child_weight": 2,
      "gamma": 6.781193321222995,
      "reg_alpha": 9.380182148974906e-08,
      "reg_lambda": 0.00013918006833960584,
      "max_delta_step": 1.4727912942293029
    },
    "fold_acc_independent": [
      0.5,
      0.75,
      0.75,
      1.0,
      0.5
    ],
    "avg_acc_independent": 0.7,
    "fold_accuracies": [
      0.5,
      0.75,
      0.75,
      1.0,
      0.5
    ],
    "avg_accuracy": 0.7,
    "std_accuracy": 0.18708286933869706
  },
  "holdout": {
    "size": 126,
    "reg_direction_accuracy": 0.0,
    "reg_spearman": 0.0,
    "reg_mae": 0.259425,
    "clf_accuracy": 0.5
  }
}