{
  "commodity": "cocoa",
  "ticker": "CC=F",
  "horizon": 63,
  "features": [
    "zscore_252d",
    "price_vs_sma_200",
    "price_lag_1",
    "price_lag_5",
    "price_lag_2",
    "bb_low",
    "cot_spec_ratio",
    "return_21d",
    "trend_slope_126d",
    "sugar",
    "sma_50_200_gap",
    "cocoa_coffee_ratio_sma21",
    "mei_change_3m",
    "macd_diff",
    "ghs_vs_sma50",
    "vol_regime",
    "volatility_21d",
    "price_vs_sma_10",
    "price_vs_sma_5"
  ],
  "n_features": 19,
  "purge_gap": 63,
  "strategy": {
    "confidence_threshold": 0.7,
    "stop_loss_pct": 0.1,
    "take_profit_multiplier": 1.0,
    "max_hold_days": 63,
    "allow_short": true
  },
  "regression": {
    "params": {
      "n_estimators": 766,
      "max_depth": 3,
      "learning_rate": 0.02504396611073352,
      "subsample": 0.6269837569296466,
      "colsample_bytree": 0.4703809598987544,
      "min_child_weight": 24,
      "gamma": 2.1152072691212314,
      "reg_alpha": 8.343316877096819e-06,
      "reg_lambda": 1.0399571606330687e-08,
      "max_delta_step": 4.1298482497949
    },
    "fold_spearman": [
      0.0,
      0.0,
      0.0,
      0.0,
      0.0
    ],
    "avg_spearman": 0.0,
    "fold_dir_acc_independent": [
      0.5,
      0.75,
      1.0,
      0.25,
      0.25
    ],
    "avg_dir_acc_independent": 0.55,
    "fold_dir_acc_overlapping": [
      0.5079,
      0.75,
      0.9524,
      0.4563,
      0.1944
    ],
    "avg_dir_acc_overlapping": 0.5722,
    "fold_accuracies": [
      0.5,
      0.75,
      1.0,
      0.25,
      0.25
    ],
    "avg_accuracy": 0.55,
    "std_accuracy": 0.291547594742265,
    "fold_maes": [
      0.064784,
      0.082328,
      0.28174,
      0.196357,
      0.344981
    ],
    "fold_rmses": [
      0.076263,
      0.098033,
      0.370962,
      0.237119,
      0.405293
    ],
    "avg_mae": 0.194038,
    "avg_rmse": 0.237534,
    "test_size": 252
  },
  "classification": {
    "params": {
      "n_estimators": 264,
      "max_depth": 5,
      "learning_rate": 0.006692445961801435,
      "subsample": 0.5055714318852558,
      "colsample_bytree": 0.7042807153044683,
      "min_child_weight": 8,
      "gamma": 1.5286612302748976,
      "reg_alpha": 0.0020303666266451893,
      "reg_lambda": 0.30469823141327396,
      "max_delta_step": 0.4918030637029929
    },
    "fold_acc_independent": [
      0.75,
      0.75,
      0.0,
      0.75,
      0.75
    ],
    "avg_acc_independent": 0.6,
    "fold_acc_overlapping": [
      0.6071,
      0.5119,
      0.0476,
      0.8016,
      0.5992
    ],
    "avg_acc_overlapping": 0.51348,
    "fold_accuracies": [
      0.75,
      0.75,
      0.0,
      0.75,
      0.75
    ],
    "avg_accuracy": 0.6,
    "std_accuracy": 0.30000000000000004
  },
  "holdout": {
    "size": 126,
    "reg_direction_accuracy": 0.0,
    "reg_spearman": 0.0,
    "reg_mae": 0.673282,
    "clf_accuracy": 0.0
  }
}