{
  "commodity": "cocoa",
  "ticker": "CC=F",
  "horizon": 42,
  "features": [
    "season_cos",
    "macd_signal",
    "indonesia_temp_anomaly",
    "indonesia_harvest",
    "ghs_usd",
    "month",
    "westafrica_main_harvest"
  ],
  "n_features": 7,
  "purge_gap": 42,
  "strategy": {
    "confidence_threshold": 0.7,
    "stop_loss_pct": 0.1,
    "take_profit_multiplier": 1.0,
    "max_hold_days": 63,
    "allow_short": true
  },
  "regression": {
    "params": {
      "n_estimators": 755,
      "max_depth": 4,
      "learning_rate": 0.005622248697163941,
      "subsample": 0.8882169876027652,
      "colsample_bytree": 0.7539138045982584,
      "min_child_weight": 15,
      "gamma": 0.06369337972759848,
      "reg_alpha": 9.399046190970043e-05,
      "reg_lambda": 6.6298635914519035e-06,
      "max_delta_step": 4.753602318208555
    },
    "fold_spearman": [
      NaN,
      NaN,
      NaN,
      NaN,
      -0.5
    ],
    "avg_spearman": NaN,
    "fold_dir_acc_independent": [
      1.0,
      0.3333,
      0.6667,
      0.3333,
      0.0
    ],
    "avg_dir_acc_independent": 0.46665999999999996,
    "fold_accuracies": [
      1.0,
      0.3333,
      0.6667,
      0.3333,
      0.0
    ],
    "avg_accuracy": 0.46665999999999996,
    "std_accuracy": 0.3399437871178116,
    "fold_maes": [
      0.313284,
      0.160291,
      0.253567,
      0.214157,
      0.323611
    ],
    "fold_rmses": [
      0.379186,
      0.190232,
      0.282584,
      0.236971,
      0.381424
    ],
    "avg_mae": 0.252982,
    "avg_rmse": 0.2940794
  },
  "classification": {
    "params": {
      "n_estimators": 141,
      "max_depth": 3,
      "learning_rate": 0.29158410536773194,
      "subsample": 0.5866309954208299,
      "colsample_bytree": 0.9726302316956539,
      "min_child_weight": 2,
      "gamma": 1.9544261505458569,
      "reg_alpha": 1.047487464231427e-08,
      "reg_lambda": 0.002514129520828664,
      "max_delta_step": 0.009138228457054698
    },
    "fold_acc_independent": [
      1.0,
      0.3333,
      0.6667,
      0.6667,
      1.0
    ],
    "avg_acc_independent": 0.73334,
    "fold_accuracies": [
      1.0,
      0.3333,
      0.6667,
      0.6667,
      1.0
    ],
    "avg_accuracy": 0.73334,
    "std_accuracy": 0.24945095389675304
  },
  "holdout": {
    "size": 126,
    "reg_direction_accuracy": 0.0,
    "reg_spearman": -0.5,
    "reg_mae": 0.323611,
    "clf_accuracy": 1.0
  }
}