{
  "commodity": "wheat",
  "ticker": "ZW=F",
  "horizon": 63,
  "features": [
    "macd_signal",
    "macd",
    "price_vs_sma_50",
    "sma_50",
    "oni_change_3m",
    "season_sin_1",
    "cot_noncomm_long",
    "cot_open_interest",
    "cot_noncomm_long_chg",
    "pct_up_days_21d",
    "us_precip_30d_sum",
    "season_cos_2",
    "trend_slope_63d",
    "price_lag_3",
    "us_temp_30d_avg",
    "mei_change_3m",
    "wheat_corn_ratio_sma21",
    "price_vs_sma_5",
    "zscore_252d",
    "price_lag_1",
    "us_avg_temp",
    "zscore_126d",
    "return_5d",
    "intl_temp_7d_avg",
    "sma_5",
    "trend_slope_126d",
    "wheat_corn_ratio",
    "return_10d",
    "price_vs_sma_10",
    "oni",
    "price_vs_sma_21",
    "intl_temp_30d_avg",
    "intl_temp_anomaly",
    "crude_oil",
    "cot_comm_short",
    "sma_10",
    "price_lag_5",
    "price_vs_sma_200",
    "spring_wheat_plant",
    "season_cos_1",
    "cot_spec_ratio",
    "volatility_21d"
  ],
  "n_features": 42,
  "purge_gap": 63,
  "strategy": {
    "confidence_threshold": 0.7,
    "stop_loss_pct": 0.1,
    "take_profit_multiplier": 1.0,
    "max_hold_days": 63,
    "allow_short": true
  },
  "regression": {
    "params": {
      "n_estimators": 142,
      "max_depth": 10,
      "learning_rate": 0.2790095350166288,
      "subsample": 0.9998688365324465,
      "colsample_bytree": 0.9685275891391657,
      "min_child_weight": 20,
      "gamma": 1.1329466779477384,
      "reg_alpha": 8.393636883009163e-08,
      "reg_lambda": 29.606208658028038,
      "max_delta_step": 1.1825878568084753
    },
    "fold_accuracies": [
      0.7301587301587301,
      0.7936507936507936,
      0.8571428571428571,
      0.9206349206349206,
      0.873015873015873
    ],
    "avg_accuracy": 0.8349206349206348,
    "std_accuracy": 0.06628766037403525
  },
  "classification": {
    "params": {
      "n_estimators": 610,
      "max_depth": 9,
      "learning_rate": 0.1762869175434722,
      "subsample": 0.9756811987278181,
      "colsample_bytree": 0.6217943179930618,
      "min_child_weight": 22,
      "gamma": 6.457288776591898,
      "reg_alpha": 8.328027244422436e-05,
      "reg_lambda": 2.4182459026968932e-08,
      "max_delta_step": 3.6380065782565496
    },
    "fold_accuracies": [
      0.746031746031746,
      0.7619047619047619,
      0.8571428571428571,
      0.9523809523809523,
      0.873015873015873
    ],
    "avg_accuracy": 0.838095238095238,
    "std_accuracy": 0.07605808603625992
  }
}