{
  "commodity": "wheat",
  "ticker": "ZW=F",
  "horizon": 63,
  "features": [
    "cot_open_interest",
    "price_vs_sma_50",
    "price_vs_sma_21",
    "season_sin_1",
    "volatility_21d",
    "sma_5",
    "oni_change_3m",
    "macd",
    "rsi_14",
    "cot_oi_change",
    "macd_signal",
    "intl_temp_30d_avg",
    "macd_diff",
    "return_5d",
    "volatility_10d",
    "sma_10",
    "return_1d",
    "momentum_rank_252d",
    "mean_reversion_pressure",
    "usd_index",
    "return_10d",
    "price_vs_sma_5",
    "price_lag_5",
    "vol_regime_change",
    "price_lag_1",
    "vol_regime",
    "cot_noncomm_long",
    "corn"
  ],
  "n_features": 28,
  "purge_gap": 63,
  "strategy": {
    "confidence_threshold": 0.7,
    "stop_loss_pct": 0.1,
    "take_profit_multiplier": 1.0,
    "max_hold_days": 63,
    "allow_short": true
  },
  "regression": {
    "params": {
      "n_estimators": 754,
      "max_depth": 7,
      "learning_rate": 0.05121277076414535,
      "subsample": 0.9336384688401701,
      "colsample_bytree": 0.3835207539808095,
      "min_child_weight": 10,
      "gamma": 0.6220624382073137,
      "reg_alpha": 3.808532914893839e-08,
      "reg_lambda": 0.009161829397801743,
      "max_delta_step": 2.051445904308262
    },
    "fold_spearman": [
      0.0,
      0.0,
      0.0,
      0.0,
      0.0
    ],
    "avg_spearman": 0.0,
    "fold_dir_acc_independent": [
      0.75,
      0.25,
      0.75,
      0.75,
      0.75
    ],
    "avg_dir_acc_independent": 0.65,
    "fold_dir_acc_overlapping": [
      0.7698,
      0.1587,
      0.6865,
      0.8413,
      0.627
    ],
    "avg_dir_acc_overlapping": 0.6166600000000001,
    "fold_accuracies": [
      0.75,
      0.25,
      0.75,
      0.75,
      0.75
    ],
    "avg_accuracy": 0.65,
    "std_accuracy": 0.20000000000000004,
    "fold_maes": [
      0.133139,
      0.16984,
      0.071778,
      0.051018,
      0.045226
    ],
    "fold_rmses": [
      0.184824,
      0.204344,
      0.085872,
      0.071952,
      0.057066
    ],
    "avg_mae": 0.0942002,
    "avg_rmse": 0.12081159999999998,
    "test_size": 252
  },
  "classification": {
    "params": {
      "n_estimators": 531,
      "max_depth": 9,
      "learning_rate": 0.23431286784247707,
      "subsample": 0.6480319399810283,
      "colsample_bytree": 0.3623536840041741,
      "min_child_weight": 21,
      "gamma": 8.72900933662789,
      "reg_alpha": 1.8964084390070308,
      "reg_lambda": 5.102007825386359e-07,
      "max_delta_step": 2.30318121689373
    },
    "fold_acc_independent": [
      0.75,
      0.75,
      1.0,
      0.5,
      0.75
    ],
    "avg_acc_independent": 0.75,
    "fold_acc_overlapping": [
      0.619,
      0.8413,
      0.6151,
      0.6429,
      0.6746
    ],
    "avg_acc_overlapping": 0.67858,
    "fold_accuracies": [
      0.75,
      0.75,
      1.0,
      0.5,
      0.75
    ],
    "avg_accuracy": 0.75,
    "std_accuracy": 0.15811388300841897
  },
  "holdout": {
    "size": 126,
    "reg_direction_accuracy": 1.0,
    "reg_spearman": 0.0,
    "reg_mae": 0.078583,
    "clf_accuracy": 1.0
  }
}