{
  "commodity": "wheat",
  "ticker": "ZW=F",
  "horizon": 21,
  "features": [
    "volatility_21d",
    "trend_slope_63d",
    "cot_comm_short",
    "macd_signal",
    "enso_state",
    "eur_usd",
    "oni",
    "mean_reversion_pressure",
    "macd",
    "sma_50_200_gap",
    "cot_comm_net_pct_oi",
    "cot_noncomm_short",
    "cot_net_comm",
    "price_vs_sma_50",
    "usd_index",
    "sma_50",
    "trend_slope_21d",
    "cot_spec_ratio",
    "price_vs_sma_200",
    "pct_up_days_63d",
    "trend_regime",
    "return_21d",
    "season_cos_2",
    "wheat_corn_ratio",
    "return_1d",
    "cot_oi_change",
    "zscore_126d"
  ],
  "n_features": 27,
  "purge_gap": 21,
  "strategy": {
    "confidence_threshold": 0.7,
    "stop_loss_pct": 0.1,
    "take_profit_multiplier": 1.0,
    "max_hold_days": 63,
    "allow_short": true
  },
  "regression": {
    "params": {
      "n_estimators": 502,
      "max_depth": 10,
      "learning_rate": 0.02982402563380869,
      "subsample": 0.5100878608832503,
      "colsample_bytree": 0.6830077423722708,
      "min_child_weight": 16,
      "gamma": 0.30925716661646674,
      "reg_alpha": 2.5473624825803833,
      "reg_lambda": 0.00010138463600196037,
      "max_delta_step": 0.9374637354593818
    },
    "fold_spearman": [
      NaN,
      NaN,
      NaN,
      NaN,
      NaN
    ],
    "avg_spearman": NaN,
    "fold_dir_acc_independent": [
      0.3333,
      0.6667,
      0.5,
      0.5,
      0.8333
    ],
    "avg_dir_acc_independent": 0.5666599999999999,
    "fold_accuracies": [
      0.3333,
      0.6667,
      0.5,
      0.5,
      0.8333
    ],
    "avg_accuracy": 0.5666599999999999,
    "std_accuracy": 0.16996993381183628,
    "fold_maes": [
      0.051242,
      0.087302,
      0.043603,
      0.034981,
      0.049178
    ],
    "fold_rmses": [
      0.063102,
      0.109784,
      0.05083,
      0.042036,
      0.057428
    ],
    "avg_mae": 0.053261199999999995,
    "avg_rmse": 0.064636
  },
  "classification": {
    "params": {
      "n_estimators": 101,
      "max_depth": 10,
      "learning_rate": 0.008269978695407285,
      "subsample": 0.6610891538905899,
      "colsample_bytree": 0.41187770776622173,
      "min_child_weight": 15,
      "gamma": 8.745906173160616,
      "reg_alpha": 2.8114145501653136e-07,
      "reg_lambda": 4.281160726357662e-07,
      "max_delta_step": 4.324816806226066
    },
    "fold_acc_independent": [
      0.8333,
      0.6667,
      0.8333,
      0.6667,
      0.8333
    ],
    "avg_acc_independent": 0.76666,
    "fold_accuracies": [
      0.8333,
      0.6667,
      0.8333,
      0.6667,
      0.8333
    ],
    "avg_accuracy": 0.76666,
    "std_accuracy": 0.08161699822953553
  },
  "holdout": {
    "size": 126,
    "reg_direction_accuracy": 0.8333,
    "reg_spearman": NaN,
    "reg_mae": 0.049178,
    "clf_accuracy": 0.8333
  }
}